<?xml version="1.0" encoding="UTF-8" standalone="no"?>
<!--Adempiere(r) Release 3.5.3a_2008-12-21 -Smart Suite ERP,CRM and SCM- (c) 1999-2007 Adempiere (r); Implementation: ADempiere - Supported by ADempiere community-->
<!--<!DOCTYPE adempiereTrl PUBLIC "-//ComPiere, Inc.//DTD Adempiere Translation 1.0//EN" "http://www.adempiere.net/dtd/adempiereTrl.dtd">-->
<adempiereTrl language="ro_RO" table="C_UOM">
 <row id="100" trl="N">
  <value column="Name" original="Each">Bucată</value>
  <value column="Description" original=""/>
  <value column="UOMSymbol" original="Ea">Buc</value>
 </row>
 <row id="101" trl="Y">
  <value column="Name" original="Hour">Oră</value>
  <value column="Description" original=""/>
  <value column="UOMSymbol" original="h  ">h</value>
 </row>
 <row id="102" trl="Y">
  <value column="Name" original="Day">Zi</value>
  <value column="Description" original=""/>
  <value column="UOMSymbol" original="d  ">z</value>
 </row>
 <row id="103" trl="Y">
  <value column="Name" original="Minutes">Minute</value>
  <value column="Description" original="(lowest unit for resorce assigments)">(cea mai mică unitate pentru asignarea resurselor)</value>
  <value column="UOMSymbol" original="m  ">min</value>
 </row>
 <row id="104" trl="Y">
  <value column="Name" original="Work Day">Ore/zi</value>
  <value column="Description" original="8 hour">8 ore</value>
  <value column="UOMSymbol" original="D  ">O/z</value>
 </row>
 <row id="105" trl="Y">
  <value column="Name" original="Week">Săptămână</value>
  <value column="Description" original=""/>
  <value column="UOMSymbol" original="w  ">s</value>
 </row>
 <row id="106" trl="Y">
  <value column="Name" original="Month">Lună</value>
  <value column="Description" original="30 days">30 de zile</value>
  <value column="UOMSymbol" original="m  ">l</value>
 </row>
 <row id="107" trl="Y">
  <value column="Name" original="Working Month">Zile / luni</value>
  <value column="Description" original="20 days">numărul de zile lucrătoare pe lună</value>
  <value column="UOMSymbol" original="M  ">z/l</value>
 </row>
 <row id="108" trl="Y">
  <value column="Name" original="Year">An</value>
  <value column="Description" original=""/>
  <value column="UOMSymbol" original="y  ">a</value>
 </row>
</adempiereTrl>
