<?xml version="1.0" encoding="UTF-8" standalone="no"?>
<!--Adempiere(r) Release 3.5.3a_2008-12-21 -Smart Suite ERP,CRM and SCM- (c) 1999-2007 Adempiere (r); Implementation: ADempiere - Supported by ADempiere community-->
<!--<!DOCTYPE adempiereTrl PUBLIC "-//ComPiere, Inc.//DTD Adempiere Translation 1.0//EN" "http://www.adempiere.net/dtd/adempiereTrl.dtd">-->
<adempiereTrl language="ro_RO" table="C_DocType">
 <row id="0" trl="Y">
  <value column="Name" original="** New **">** Nou **</value>
  <value column="PrintName" original="** New **">** Nou **</value>
  <value column="DocumentNote" original="** NO INVOICE **">** NU EXISTĂ FACTURĂ **</value>
 </row>
</adempiereTrl>
